"State Name","Wind","Solar","Biomass","Bagasse","Small Hydel","Others","RE Generation Total"
"Delhi<br>Feb-2020",0,7.09,0,0,0,19.63,26.72
"Telangana<br>Feb-2020",20.25,570.24,13.83,20.34,2.57,4.04,631.2700000000001
"Andhra Pradesh<br>Feb-2020",367.73,579.23,14.58,7.73,37.98,0.64,1007.8900000000001
"Goa<br>Feb-2020",0,0.12,0,0,0,0,0.12
"Daman & Diu<br>Feb-2020",0,2.11,0,0,0,0,2.11
"Dadra and Nagar Haveli<br>Feb-2020",0,0.58,0,0,0,0,0.58
"Tripura<br>Feb-2020",0,0.01,0,0,2.72,0,2.73
"Madhya Pradesh<br>Feb-2020",264.81,362.42,0.16,22.27,23.53,4.29,677.4799999999999
"Gujarat<br>Feb-2020",959.47,366.42,11.61,3.62,17.4,0,1358.52
"Chhattisgarh<br>Feb-2020",0,29.42,81.45,0,6.41,0,117.28
"Uttarakhand<br>Feb-2020",0,18.94,0,23.65,41.58,0,84.17
"Uttar Pradesh<br>Feb-2020",0,152.9,22.18,552.98,5.08,0,733.1400000000001
"Rajasthan<br>Feb-2020",398.82,839.22,31.48,0,0.9,0,1270.42
"Punjab<br>Feb-2020",0,114.06,51.2,45.28,68.89,0.05,279.48
"J&K<br>Feb-2020",0,0,0,0,16.98,0,16.98
"HP<br>Feb-2020",0,1.98,0,0,81.53,0,83.51
"Haryana<br>Feb-2020",0,15.85,15.65,14.83,25.04,0,71.37
"Karnataka<br>Feb-2020",524.71,1259.99,12.11,375.42,67.52,0,2239.75
"Kerala<br>Feb-2020",8.16,14.04,0,0,24.31,0,46.51
"Maharashtra<br>Feb-2020",292.79,218.02,36.77,492.52,80.85,0.03,1120.9799999999998
"Nagaland<br>Feb-2020",0,0,0,0,3.48,0,3.48
"Mizoram<br>Feb-2020",0,0.03,0,0,2.44,0,2.4699999999999998
"Meghalaya<br>Feb-2020",0,0,0,0,2.7,0,2.7
"Manipur<br>Feb-2020",0,0.32,0,0,0,0,0.32
"Assam<br>Feb-2020",0,0.5,0,0,1.68,0,2.1799999999999997
"Arunachal Pradesh<br>Feb-2020",0,0.17,0,0,0.05,0,0.22000000000000003
"DVC<br>Feb-2020",0,0.005,0,0,2.58,0,2.585
"West Bengal<br>Feb-2020",0,5.71,0,113.21,2.48,0,121.39999999999999
"Sikkim<br>Feb-2020",0,0,0,0,6.92,0,6.92
"Tamil Nadu<br>Feb-2020",682.14,482.24,11.19,31.3,17.78,0,1224.65
"Lakshadweep<br>Feb-2020",0,0.06,0,0,0,0,0.06
"Puducherry<br>Feb-2020",0,0.37,0,0,0,0,0.37
"Andaman Nicobar<br>Feb-2020",0,0.86,0,0,0.29,0,1.15
"Bihar<br>Feb-2020",0,10.79,2.09,31.99,0.69,0,45.559999999999995
"Jharkhand<br>Feb-2020",0,1.16,0,0,0,0,1.16
"Orissa<br>Feb-2020",0,30.32,7.9,0,16.64,0,54.86
"Madhya Pradesh<br>Jan-2020",260.92,309.67,0.12,24.17,27.25,3.22,625.35
"Maharashtra<br>Jan-2020",269.85,205.42,43.4,546.9,59.8,0.05,1125.4199999999998
"Dadra and Nagar Haveli<br>Jan-2020",0,0.56,0,0,0,0,0.56
"Daman & Diu<br>Jan-2020",0,2.01,0,0,0,0,2.01
"Goa<br>Jan-2020",0,0.14,0,0,0,0,0.14
"Andhra Pradesh<br>Jan-2020",217.35,506.42,13.28,6.57,34.65,0.74,779.01
"Telangana<br>Jan-2020",19.2,530.77,11.37,28.59,3.03,0.29,593.25
"Gujarat<br>Jan-2020",1093.84,356.69,14.33,2.28,17.67,0,1484.81
"Chhattisgarh<br>Jan-2020",0,30.38,43.01,0,6.28,0,79.67
"Uttarakhand<br>Jan-2020",0,18.94,0,23.65,41.58,0,84.17
"Uttar Pradesh<br>Jan-2020",0,118.16,18.97,576.9,4.71,0,718.74
"Rajasthan<br>Jan-2020",399.49,701.08,39.86,0,1.44,0,1141.8700000000001
"Punjab<br>Jan-2020",0,82.46,41.76,46.23,55.5,0.03,225.98
"J&K<br>Jan-2020",0,0,0,0,13.17,0,13.17
"HP<br>Jan-2020",0,1.92,0,0,77.85,0,79.77
"Haryana<br>Jan-2020",0,15.85,15.65,14.83,25.04,0,71.37
"Delhi<br>Jan-2020",0,7.09,0,0,0,19.63,26.72
"Karnataka<br>Jan-2020",478.48,1221.55,13.79,496.02,92.81,0,2302.65
"Kerala<br>Jan-2020",7.95,13.99,0,0,27.9,0,49.84
"Arunachal Pradesh<br>Jan-2020",0,0.16,0,0,0.04,0,0.2
"Assam<br>Jan-2020",0,0.48,0,0,1.03,0,1.51
"Manipur<br>Jan-2020",0,0.32,0,0,0.28,0,0.6000000000000001
"Meghalaya<br>Jan-2020",0,0,0,0,5.36,0,5.36
"Mizoram<br>Jan-2020",0,0.03,0,0,3.07,0,3.0999999999999996
"Nagaland<br>Jan-2020",0,0,0,0,5.05,0,5.05
"Tripura<br>Jan-2020",0,0.01,0,0,2.72,0,2.73
"Bihar<br>Jan-2020",0,10.79,2.09,31.99,0.69,0,45.559999999999995
"DVC<br>Jan-2020",0,0.01,0,1.28,0,0,1.29
"West Bengal<br>Jan-2020",0,5.04,0,85.36,1.88,0,92.28
"Tamil Nadu<br>Jan-2020",572.88,439.66,7.69,22.16,29.06,0,1071.45
"Lakshadweep<br>Jan-2020",0,0.06,0,0,0,0,0.06
"Puducherry<br>Jan-2020",0,0.37,0,0,0,0,0.37
"Andaman Nicobar<br>Jan-2020",0,0.9,0,0,0.74,0,1.6400000000000001
"Jharkhand<br>Jan-2020",0,1.31,0,0,0,0,1.31
"Orissa<br>Jan-2020",0,30.32,7.9,0,16.64,0,54.86
"Sikkim<br>Jan-2020",0,0,0,0,6.92,0,6.92
"Telangana<br>Dec-2019",20.46,471.75,6.62,27.86,4.38,3.66,534.7299999999999
"Madhya Pradesh<br>Dec-2019",298.8,269.85,0.12,22.2,27.94,2.85,621.7600000000002
"Dadra and Nagar Haveli<br>Dec-2019",0,0.47,0,0,0,0,0.47
"Daman & Diu<br>Dec-2019",0,2.23,0,0,0,0,2.23
"Goa<br>Dec-2019",0,0.14,0,0,0,0,0.14
"Andhra Pradesh<br>Dec-2019",242.02,375.45,8.69,7.76,48.83,0.79,683.5400000000001
"Gujarat<br>Dec-2019",1384.15,328.26,10.74,3.77,19.17,0,1746.0900000000001
"Chhattisgarh<br>Dec-2019",0,27.81,52.61,0,5.08,0,85.5
"Uttarakhand<br>Dec-2019",0,19.24,0,20.37,42.55,0,82.16
"Uttar Pradesh<br>Dec-2019",0,93.35,10.22,600.23,2.75,0,706.55
"Rajasthan<br>Dec-2019",408.9,657.74,36.7,0,1.02,0,1104.36
"Punjab<br>Dec-2019",0,55.39,39.01,34.28,52.68,0.03,181.39000000000001
"J&K<br>Dec-2019",0,0,0,0,18.23,0,18.23
"HP<br>Dec-2019",2.03,0,0,0,84.5,0,86.53
"Haryana<br>Dec-2019",0,14.77,14.36,24.03,23.16,0,76.32
"Delhi<br>Dec-2019",0,7.09,0,0,0,22.19,29.28
"Karnataka<br>Dec-2019",682.61,995.77,11.76,494.48,164.22,0,2348.8399999999997
"Kerala<br>Dec-2019",9.83,10.69,0,1.36,45.26,0,67.14
"Tamil Nadu<br>Dec-2019",597.59,374.78,8.97,12.16,33.83,0,1027.33
"Maharashtra<br>Dec-2019",304.39,174.96,33.43,499.14,50.26,0.09,1062.27
"Tripura<br>Dec-2019",0,0.01,0,0,2.72,0,2.73
"Nagaland<br>Dec-2019",0,0,0,0,6.14,0,6.14
"Mizoram<br>Dec-2019",0,0.03,0,0,4.09,0,4.12
"Meghalaya<br>Dec-2019",0,0,0,0,9.66,0,9.66
"Manipur<br>Dec-2019",0,0.24,0,0,1,0,1.24
"Assam<br>Dec-2019",0,0.68,0,0,17.82,0,18.5
"Arunachal Pradesh<br>Dec-2019",0,0.18,0,0,0.04,0,0.22
"DVC<br>Dec-2019",0,0.01,0,0,0,0,0.01
"West Bengal<br>Dec-2019",0,4.76,0,77.55,4.16,0,86.47
"Lakshadweep<br>Dec-2019",0,0.05,0,0,0,0,0.05
"Puducherry<br>Dec-2019",0,0.37,0,0,0,0,0.37
"Andaman Nicobar<br>Dec-2019",0,0.75,0,0,1.05,0,1.8
"Bihar<br>Dec-2019",0,10.79,2.09,31.99,0.69,0,45.559999999999995
"Jharkhand<br>Dec-2019",0,1.22,0,0,0,0,1.22
"Orissa<br>Dec-2019",0,25.79,3.78,0,23.54,0,53.11
"Sikkim<br>Dec-2019",0,0,0,0,6.92,0,6.92
"Madhya Pradesh<br>Nov-2019",123.08,277.62,0.11,1.27,24.9,0,426.97999999999996
"Maharashtra<br>Nov-2019",243.71,190.48,33.84,92.22,53.13,0.04,613.42
"Dadra and Nagar Haveli<br>Nov-2019",0,0.51,0,0,0,0,0.51
"Daman & Diu<br>Nov-2019",0,1.78,0,0,0,0,1.78
"Goa<br>Nov-2019",0,0.14,0,0,0,0,0.14
"Andhra Pradesh<br>Nov-2019",269.99,461.65,8.43,4.63,43.4,0.86,788.9599999999999
"Telangana<br>Nov-2019",14.61,512.27,7.42,2.19,8.33,0.98,545.8000000000001
"Gujarat<br>Nov-2019",812.02,275.84,8.39,0.87,17.26,0,1114.3799999999999
"Chhattisgarh<br>Nov-2019",0,30.61,48.79,0,9.89,0,89.29
"Uttarakhand<br>Nov-2019",0,25.24,0,8.76,52.18,0,86.18
"Uttar Pradesh<br>Nov-2019",0,108.9,0.95,349.25,1.41,0,460.51000000000005
"Rajasthan<br>Nov-2019",431.08,563.77,34.21,0,0.65,0,1029.71
"Punjab<br>Nov-2019",0,83.77,32.9,2.16,35.31,0.02,154.16
"J&K<br>Nov-2019",0,0,0,0,20.39,0,20.39
"HP<br>Nov-2019",0,2.81,0,0,128.28,0,131.09
"Haryana<br>Nov-2019",0,14.01,14.23,0,24.15,0,52.39
"Delhi<br>Nov-2019",0,8.73,0,0,0,25.67,34.400000000000006
"Karnataka<br>Nov-2019",474.58,995.84,10.01,275.66,245.32,0,2001.41
"Kerala<br>Nov-2019",6.64,12.81,0,1.65,58.81,0,79.91
"Tripura<br>Nov-2019",0,0.01,0,0,2.72,0,2.73
"Nagaland<br>Nov-2019",0,0,0,0,8.43,0,8.43
"Mizoram<br>Nov-2019",0,0.02,0,5.03,0,0,5.05
"Meghalaya<br>Nov-2019",0,0,0,0,6.5,0,6.5
"Manipur<br>Nov-2019",0,0.22,0,0,0.29,0,0.51
"Assam<br>Nov-2019",0,0.66,0,0,7.25,0,7.91
"Arunachal Pradesh<br>Nov-2019",0,0.17,0,0,0.05,0,0.22000000000000003
"DVC<br>Nov-2019",0,0.01,0,0,0.11,0,0.12
"West Bengal<br>Nov-2019",0,4.64,0,89.61,11.46,0,105.71000000000001
"Sikkim<br>Nov-2019",0,0,0,0,6.92,0,6.92
"Tamil Nadu<br>Nov-2019",348.11,322.09,7.08,23.6,32.25,0,733.1300000000001
"Lakshadweep<br>Nov-2019",0,0.05,0,0,0,0,0.05
"Puducherry<br>Nov-2019",0,0.38,0,0,0,0,0.38
"Andaman Nicobar<br>Nov-2019",0,0.16,0,0,1.51,0,1.67
"Bihar<br>Nov-2019",0,14.95,1.31,10.82,0.13,0,27.209999999999997
"Jharkhand<br>Nov-2019",0,1.22,0,0,0,0,1.22
"Orissa<br>Nov-2019",0,24.8,0,0,29.49,0,54.29
"Madhya Pradesh<br>Oct-2019",158.49,268.64,0.14,0,31.47,3.58,462.32
"Maharashtra<br>Oct-2019",311.32,178.62,29.88,23.56,62.06,0.08,605.5200000000001
"Dadra and Nagar Haveli<br>Oct-2019",0,0.51,0,0,0,0,0.51
"Daman & Diu<br>Oct-2019",0,1.91,0,0,0,0,1.91
"Goa<br>Oct-2019",0,0,0,0,0,0,0
"Andhra Pradesh<br>Oct-2019",166.88,349.13,8.91,1.49,46.13,0.47,573.01
"Telangana<br>Oct-2019",8.31,417.72,9.55,0.11,10.23,0,445.9200000000001
"Gujarat<br>Oct-2019",578.45,285.67,6.86,0,23.25,0,894.2300000000001
"Chhattisgarh<br>Oct-2019",0,28.39,87.04,0,24.66,0,140.09
"Uttarakhand<br>Oct-2019",0,29.38,0,0,57.67,0,87.05
"Uttar Pradesh<br>Oct-2019",0,115.22,7.8,14.94,0.37,0,138.33
"Rajasthan<br>Oct-2019",210.25,702.47,29.17,0,0.3,0,942.1899999999999
"Punjab<br>Oct-2019",0,109.38,30.73,0,37.74,0.05,177.9
"J&K<br>Oct-2019",0,0,0,0,26.31,0,26.31
"HP<br>Oct-2019",0,0,0,0,208.08,0,208.08
"Haryana<br>Oct-2019",0,18.04,17.01,0,35.46,0,70.50999999999999
"Delhi<br>Oct-2019",0,12.74,0,0,0,27.61,40.35
"Karnataka<br>Oct-2019",396.13,896.69,9.61,83.74,345.36,0,1731.5300000000002
"Kerala<br>Oct-2019",5.16,12.19,0,3.9,75.04,0,96.29
"Tripura<br>Oct-2019",0,0.02,0,0,1.61,0,1.6300000000000001
"Nagaland<br>Oct-2019",0,0,0,0,8.69,0,8.69
"Meghalaya<br>Oct-2019",0,0,0,0,6.96,0,6.96
"Mizoram<br>Oct-2019",0,0.02,0,0,6.33,0,6.35
"Manipur<br>Oct-2019",0,0.24,0,0,0,0,0.24
"Assam<br>Oct-2019",0,0.54,0,0,3.83,0,4.37
"Arunachal Pradesh<br>Oct-2019",0,0.14,0,0,0.05,0,0.19
"DVC<br>Oct-2019",0,0.01,0,0,0.16,0,0.17
"West Bengal<br>Oct-2019",0,5.46,0,96.38,23.13,0,124.96999999999998
"Sikkim<br>Oct-2019",0,0,0,0,6.92,0,6.92
"Tamil Nadu<br>Oct-2019",276.5,398.71,8.37,25.63,28.41,0,737.62
"Lakshadweep<br>Oct-2019",0,0.05,0,0,0,0,0.05
"Puducherry<br>Oct-2019",0,0.37,0,0,0,0,0.37
"Andaman Nicobar<br>Oct-2019",0,0.8,0,0,0.94,0,1.74
"Bihar<br>Oct-2019",0,13.78,1.22,0,0.94,0,15.94
"Jharkhand<br>Oct-2019",0,1.2,0,0,0,0,1.2
"Orissa<br>Oct-2019",0,32.98,2.88,0,38.13,0,73.99000000000001
"West Bengal<br>Sep-2019",0,5.01,0,94.55,18.61,0,118.17
"Sikkim<br>Sep-2019",0,0,0,0,5.81,0,5.81
"Orissa<br>Sep-2019",0,18.42,6.45,0,37.54,0,62.41
"Jharkhand<br>Sep-2019",0,1.04,0,0,0,0,1.04
"Bihar<br>Sep-2019",0,13.78,1.22,0,0.85,0,15.85
"Andaman Nicobar<br>Sep-2019",0,0.58,0,0,0.07,0,0.6499999999999999
"DVC<br>Sep-2019",0,0.01,0,0,0,0,0.01
"Arunachal Pradesh<br>Sep-2019",0,0.12,0,0,0.05,0,0.16999999999999998
"Assam<br>Sep-2019",0,0.47,0,0,4.32,0,4.79
"Manipur<br>Sep-2019",0,0.23,0,0,0,0,0.23
"Meghalaya<br>Sep-2019",0,0,0,0,3.64,0,3.64
"Mizoram<br>Sep-2019",0,0.11,0,0,5.68,0,5.79
"Nagaland<br>Sep-2019",0,0,0,0,8.16,0,8.16
"Tripura<br>Sep-2019",0,0,0,0,1.77,0,1.77
"Puducherry<br>Sep-2019",0,0.37,0,0,0,0,0.37
"Lakshadweep<br>Sep-2019",0,0.05,0,0,0,0,0.05
"Uttarakhand<br>Sep-2019",0,29.2,0,0,84.68,0,113.88000000000001
"Uttar Pradesh<br>Sep-2019",0,93.17,0.74,8.32,1.71,0,103.93999999999998
"Rajasthan<br>Sep-2019",350.1,617.03,31.1,0,0.08,0,998.3100000000001
"Punjab<br>Sep-2019",0,115.72,25.86,0.86,85.01,0.03,227.48
"J&K<br>Sep-2019",0,0,0,0,29.54,0,29.54
"HP<br>Sep-2019",0,0,0,0,276.81,0,276.81
"Haryana<br>Sep-2019",0,17.48,16.79,0,34.22,0,68.49
"Delhi<br>Sep-2019",0,12.74,0,0,0,25.11,37.85
"Chhattisgarh<br>Sep-2019",0,20.65,44.62,0,18.22,0,83.49
"Gujarat<br>Sep-2019",589.26,205.55,3.76,0,24.56,0,823.1299999999999
"Madhya Pradesh<br>Sep-2019",261.5,201.33,0.16,0,38.13,1.47,502.5900000000001
"Tamil Nadu<br>Sep-2019",1570.67,396.85,8.94,25.96,41,0,2043.42
"Kerala<br>Sep-2019",11.44,12.6,0,4.12,76.54,0,104.7
"Karnataka<br>Sep-2019",1075.14,820.98,11.18,91.48,349.27,0,2348.05
"Telangana<br>Sep-2019",22.26,420.1,9.95,1.73,7.07,0,461.11
"Andhra Pradesh<br>Sep-2019",716.62,403.74,11.39,0,33.78,0.16,1165.6900000000003
"Daman & Diu<br>Sep-2019",0,1.34,0,0,0,0,1.34
"Dadra and Nagar Haveli<br>Sep-2019",0.35,0,0,0,0,0,0.35
"Maharashtra<br>Sep-2019",880.95,155.96,30.08,7.13,103.23,0.06,1177.41
"Gujarat<br>Aug-2019",1234.27,227.26,5.06,0,19.85,0,1486.4399999999998
"Madhya Pradesh<br>Aug-2019",497.17,214.92,0.14,0,25.4,0.76,738.39
"Maharashtra<br>Aug-2019",1529.75,162.81,33.21,3.61,91.85,0.02,1821.2499999999998
"Dadra and Nagar Haveli<br>Aug-2019",0,0.35,0,0,0,0,0.35
"Daman & Diu<br>Aug-2019",0,1.36,0,0,0,0,1.36
"Andhra Pradesh<br>Aug-2019",1546.76,423.71,11.45,1.69,17.93,0.72,2002.2600000000002
"Telangana<br>Aug-2019",36.09,458.38,12.13,7.66,3.62,0,517.88
"Chhattisgarh<br>Aug-2019",0,24,62.07,0,1.56,0,87.63
"Uttar Pradesh<br>Aug-2019",0,107.02,5.15,5.2,0.73,0,118.10000000000001
"Uttarakhand<br>Aug-2019",0,26.76,0,0,74.72,0,101.48
"Rajasthan<br>Aug-2019",622.76,529.64,27.15,0,0.17,0,1179.7200000000003
"Punjab<br>Aug-2019",0,124.46,29.25,1.78,75.63,0.02,231.14
"J&K<br>Aug-2019",0,0,0,0,39.26,0,39.26
"HP<br>Aug-2019",0,0,0,0,267.01,0,267.01
"Haryana<br>Aug-2019",0,6.26,17.43,0,27.04,0,50.73
"Delhi<br>Aug-2019",0,12.77,0,0,0,23.57,36.34
"Karnataka<br>Aug-2019",1654.49,810.13,12.91,67.26,287.98,0,2832.77
"Kerala<br>Aug-2019",14.66,9.54,0,0,66.64,0,90.84
"Tamil Nadu<br>Aug-2019",2568.06,409.2,10.83,38.86,27.47,0,3054.4199999999996
"Tripura<br>Aug-2019",0,0,0,0,1.5,0,1.5
"Nagaland<br>Aug-2019",0,0,0,0,13.02,0,13.02
"Mizoram<br>Aug-2019",0,0.03,0,0,4.58,0,4.61
"Meghalaya<br>Aug-2019",0,0,0,0,5.88,0,5.88
"Manipur<br>Aug-2019",0,0.21,0,0,0,0,0.21
"Assam<br>Aug-2019",0,0.58,0,0,3.82,0,4.3999999999999995
"Arunachal Pradesh<br>Aug-2019",0,0.15,0,0,0.05,0,0.2
"DVC<br>Aug-2019",0,0.01,0,0,0,0,0.01
"West Bengal<br>Aug-2019",0,4.28,0,125.2,19.38,0,148.85999999999999
"Lakshadweep<br>Aug-2019",0,0.04,0,0,0,0,0.04
"Puducherry<br>Aug-2019",0,0.37,0,0,0,0,0.37
"Andaman Nicobar<br>Aug-2019",0,0.46,0,0,0,0,0.46
"Bihar<br>Aug-2019",0,14.11,1.31,0,4.45,0,19.87
"Jharkhand<br>Aug-2019",0,1.3,0,0,0,0,1.3
"Orissa<br>Aug-2019",0,15.88,6.07,0,34.31,0,56.260000000000005
"Sikkim<br>Aug-2019",0,0,0,0,6.63,0,6.63
"Gujarat<br>Jul-2019",2142.29,285.85,8.14,0,14.34,0,2450.62
"Madhya Pradesh<br>Jul-2019",657.83,234.94,0.12,0,7.26,1.78,901.93
"Maharashtra<br>Jul-2019",1475.88,155.74,31.92,15.44,24.33,0.04,1703.3500000000001
"Dadra and Nagar Haveli<br>Jul-2019",0,0.34,0,0,0,0,0.34
"Daman & Diu<br>Jul-2019",0,1.39,0,0,0,0,1.39
"Andhra Pradesh<br>Jul-2019",1474.82,451.4,14.06,2.62,3.17,0.64,1946.7099999999998
"Telangana<br>Jul-2019",38.52,462.41,12.13,1.42,4.4,1.41,520.29
"Chhattisgarh<br>Jul-2019",0,24.58,95.85,0,10.43,,130.85999999999999
"Uttarakhand<br>Jul-2019",0,27.86,0,0,90.97,0,118.83
"Uttar Pradesh<br>Jul-2019",0,107.48,9.39,21.64,3.31,0,141.82
"Rajasthan<br>Jul-2019",1152.64,525.37,29.16,0,0.06,0,1707.2300000000002
"Punjab<br>Jul-2019",0,118.3,27.41,6.97,78.45,0.04,231.17
"J&K<br>Jul-2019",0,0,0,0,40.82,0,40.82
"HP<br>Jul-2019",0,0,0,0,230.62,0,230.62
"Haryana<br>Jul-2019",0,5.57,16.98,27.4,0,0,49.95
"Delhi<br>Jul-2019",0,11.63,0,0,0,25.12,36.75
"Karnataka<br>Jul-2019",1769.73,592.18,13.73,20.37,184.68,0,2580.6899999999996
"Kerala<br>Jul-2019",16.85,8.71,0,0,45.41,0,70.97
"Tamil Nadu<br>Jul-2019",2615.04,374.75,11,31,7.44,0,3039.23
"Tripura<br>Jul-2019",0,0.51,0,0,0.85,0,1.3599999999999999
"Nagaland<br>Jul-2019",0,0,0,0,11.68,0,11.68
"Mizoram<br>Jul-2019",0,0.03,0,0,3.75,0,3.78
"Meghalaya<br>Jul-2019",0,0,0,0,7.01,0,7.01
"Manipur<br>Jul-2019",0,0.21,0,0,0,0,0.21
"Assam<br>Jul-2019",0,0.38,0,0,3.76,0,4.14
"Arunachal Pradesh<br>Jul-2019",0,0.11,0,0,0.05,0,0.16
"DVC<br>Jul-2019",0,0,0,0,0,0,0
"West Bengal<br>Jul-2019",0,4.53,0,131.89,14.52,0,150.94
"Lakshadweep<br>Jul-2019",0,0.04,0,0,0,0,0.04
"Puducherry<br>Jul-2019",0,0.37,0,0,0,0,0.37
"Andaman Nicobar<br>Jul-2019",0,1.01,0,0,0,0,1.01
"Bihar<br>Jul-2019",0,14.11,1.31,0,4.45,0,19.87
"Jharkhand<br>Jul-2019",0,1.31,0,0,0,0,1.31
"Orissa<br>Jul-2019",0,27.48,4.02,0,33.42,0,64.92
"Sikkim<br>Jul-2019",0,0,0,0,6.2,0,6.2
"Gujarat<br>Jun-2019",1487.12,264.17,8.15,0,9,8.31,1776.75
"Madhya Pradesh<br>Jun-2019",536.45,299.11,0.14,0,4.51,2.92,843.13
"Maharashtra<br>Jun-2019",996.23,191.49,33.53,40.91,10.47,0.13,1272.7600000000002
"Dadra and Nagar Haveli<br>Jun-2019",0,0.49,0,0,0,0,0.49
"Daman & Diu<br>Jun-2019",0,1.35,0,0,0,0,1.35
"Andhra Pradesh<br>Jun-2019",1133.54,532.35,14.83,2.43,3.96,0.56,1687.6699999999998
"Telangana<br>Jun-2019",24.95,540.91,8.63,0,0,1.11,575.6
"Chhattisgarh<br>Jun-2019",0,30.86,20.55,0,3.57,0,54.98
"Uttarakhand<br>Jun-2019",0,36.9,0,0,68.42,0,105.32
"Uttar Pradesh<br>Jun-2019",0,131.06,6.97,83.49,3.33,0,224.85
"Rajasthan<br>Jun-2019",723.94,609.74,28.44,0,0.16,0,1362.2800000000002
"Punjab<br>Jun-2019",14.36,145.13,30.62,21.7,76.89,0.02,288.71999999999997
"J&K<br>Jun-2019",0,0,0,0,117.31,0,117.31
"HP<br>Jun-2019",0,0,0,0,233.32,0,233.32
"Haryana<br>Jun-2019",0,6.4,16.27,0,29.97,0,52.64
"Delhi<br>Jun-2019",0,14.42,0,0,0,25.18,39.6
"West Bengal<br>Jun-2019",0,5.38,0,125.28,7.21,0,137.87
"Karnataka<br>Jun-2019",1273.47,667.29,16.39,6.72,30.51,0,1994.38
"Kerala<br>Jun-2019",16.29,9.18,0,0,21.94,0,47.41
"Tripura<br>Jun-2019",0,0.54,0,0,0.85,0,1.3900000000000001
"Nagaland<br>Jun-2019",0,0,0,0,5.04,0,5.04
"Mizoram<br>Jun-2019",0,0.03,0,0,3.34,0,3.3699999999999997
"Meghalaya<br>Jun-2019",0,0,0,0,3.11,0,3.11
"Manipur<br>Jun-2019",0,0,0,0,0,0,0
"Assam<br>Jun-2019",0,0.43,0,0,3.3,0,3.73
"Arunachal Pradesh<br>Jun-2019",0,0.02,0,0,0.05,0,0.07
"DVC<br>Jun-2019",0,0,0,0,0,0,0
"Lakshadweep<br>Jun-2019",0,0.06,0,0,0,0,0.06
"Tamil Nadu<br>Jun-2019",2555.63,386.05,10.4,31,1.16,0,2984.2400000000002
"Puducherry<br>Jun-2019",0,0.27,0,0,0,0,0.27
"Andaman Nicobar<br>Jun-2019",0,1.17,0,0,0.04,0,1.21
"Bihar<br>Jun-2019",0,17.36,1.56,2.23,0,0,21.15
"Jharkhand<br>Jun-2019",0,1.51,0,0,0,0,1.51
"Orissa<br>Jun-2019",19.17,35.71,5.8,0,22.75,0,83.43
"Sikkim<br>Jun-2019",0,0,0,0,5.34,0,5.34
"Gujarat<br>May-2019",1369.72,323.61,8.64,0,2.66,0,1704.63
"Madhya Pradesh<br>May-2019",607.59,339.39,0.2,0,10.32,2.78,960.2800000000001
"Maharashtra<br>May-2019",772.06,249.08,37.26,129.99,32.97,0.13,1221.4900000000002
"Dadra and Nagar Haveli<br>May-2019",0,0.66,0,0,0,0,0.66
"Andhra Pradesh<br>May-2019",681.94,579.58,13.21,2.59,1.83,0.6,1279.7499999999998
"Telangana<br>May-2019",11.92,621.89,9.92,0,0,1.05,644.7799999999999
"Chhattisgarh<br>May-2019",0,11.63,28.56,0,1.54,0,41.73
"Uttarakhand<br>May-2019",0,26.51,0,0,70.74,0,97.25
"Uttar Pradesh<br>May-2019",0,145.87,11.22,259.75,5.49,0,422.33000000000004
"Rajasthan<br>May-2019",600.04,609.27,33.46,0,0.01,0,1242.78
"Punjab<br>May-2019",2.54,152.2,32.94,31.34,66.28,0,285.29999999999995
"J&K<br>May-2019",0,0,0,0,44.6,0,44.6
"HP<br>May-2019",0,0,0,0,229.2,0,229.2
"Haryana<br>May-2019",0,7.64,17.15,0,27.19,0,51.980000000000004
"Delhi<br>May-2019",0,16.22,0,0,0,24.81,41.03
"Daman & Diu<br>May-2019",0,2.12,0,0,0,0,2.12
"Karnataka<br>May-2019",887.03,822.23,17.04,32.63,35.07,0,1794
"Kerala<br>May-2019",13.8,11,0,0,20.37,0,45.17
"Tamil Nadu<br>May-2019",1638.33,367.71,10.35,50.69,1.49,0,2068.5699999999997
"Tripura<br>May-2019",0,0.67,0,0,2.41,0,3.08
"Nagaland<br>May-2019",0,0,0,0,3.22,0,3.22
"Mizoram<br>May-2019",0,0.04,0,0,3.84,0,3.88
"Meghalaya<br>May-2019",0,0,0,0,3.44,0,3.44
"Manipur<br>May-2019",0,0.19,0,0,0,0,0.19
"Assam<br>May-2019",0,0.38,0,0,2.52,0,2.9
"Arunachal Pradesh<br>May-2019",0,0.09,0,0,0.13,0,0.22
"DVC<br>May-2019",0,0.01,0,0,0,0,0.01
"West Bengal<br>May-2019",0,6.17,0,123.64,4.23,0,134.04
"Lakshadweep<br>May-2019",0,0.07,0,0,0,0,0.07
"Puducherry<br>May-2019",0,0.26,0,0,0,0,0.26
"Andaman Nicobar<br>May-2019",0,1.65,0,0,0.13,0,1.7799999999999998
"Bihar<br>May-2019",0,2.73,1.09,2.15,0,0,5.970000000000001
"Jharkhand<br>May-2019",0,1.58,0,0,0,0,1.58
"Orissa<br>May-2019",18.97,41.8,7.99,0,18.78,0,87.53999999999999
"Sikkim<br>May-2019",0,0,0,0,3.9,0,3.9
"Gujarat<br>Apr-2019",1031.56,308.85,10.49,3.19,7.89,7.77,1369.75
"Madhya Pradesh<br>Apr-2019",414.14,324,0.23,10.68,10.89,2.43,762.3699999999999
"Maharashtra<br>Apr-2019",513.13,233.28,34.28,309.56,50.39,0.13,1140.7700000000002
"Dadra and Nagar Haveli<br>Apr-2019",0,0.7,0,0,0,0,0.7
"Daman & Diu<br>Apr-2019",0,2.12,0,0,0,0,2.12
"Andhra Pradesh<br>Apr-2019",401.42,547.62,14.81,9.93,9.21,0.6,983.5899999999999
"Telangana<br>Apr-2019",6.23,607.54,10.19,4.12,0.49,0.86,629.4300000000001
"Chhattisgarh<br>Apr-2019",0,34.81,47.94,0,4.14,0,86.89
"Uttarakhand<br>Apr-2019",0,36.12,0,13.88,67.65,0,117.65
"Uttar Pradesh<br>Apr-2019",0,123.89,10.66,530.37,3.15,0,668.07
"Rajasthan<br>Apr-2019",414.2,527.89,34.39,0,0.01,0,976.4899999999999
"Punjab<br>Apr-2019",0,141.73,26.32,31.61,29.92,0,229.57999999999998
"J&K<br>Apr-2019",0,0,0,0,40.17,0,40.17
"HP<br>Apr-2019",0,0,0,0,164.62,0,164.62
"Haryana<br>Apr-2019",0,7.18,14.66,16.06,24.2,0,62.099999999999994
"Orissa<br>Apr-2019",16.52,36.6,6.29,0,12.83,0,72.24000000000001
"Karnataka<br>Apr-2019",514.64,791.54,14.09,91.95,36.46,0,1448.6799999999998
"Kerala<br>Apr-2019",4.84,11.75,0,0,32.16,0,48.75
"Tamil Nadu<br>Apr-2019",390.61,400.11,8.66,40.15,4.67,0,844.1999999999999
"Nagaland<br>Apr-2019",0,0,0,0,0.18,0,0.18
"Mizoram<br>Apr-2019",0,0.04,0,0,3.67,0,3.71
"Meghalaya<br>Apr-2019",0,0,0,0,4.45,0,4.45
"Manipur<br>Apr-2019",0,0.16,0,0,0,0,0.16
"Assam<br>Apr-2019",0,0.49,0,0,1.53,0,2.02
"Arunachal Pradesh<br>Apr-2019",0,0.11,0,0,0.05,0,0.16
"DVC<br>Apr-2019",0,0.01,0,0,0,0,0.01
"West Bengal<br>Apr-2019",0,6.44,0,113.08,3.78,0,123.3
"Sikkim<br>Apr-2019",0,0,0,0,2.32,0,2.32
"Delhi<br>Apr-2019",0,13.34,0,0,0,26.98,40.32
"Jharkhand<br>Apr-2019",0,1.85,0,0,0,0,1.85
"Bihar<br>Apr-2019",0,17.86,2,26.71,0,0,46.57
"Andaman Nicobar<br>Apr-2019",0,1.94,0,0,0.63,0,2.57
"Puducherry<br>Apr-2019",0,0.27,0,0,0,0,0.27
"Lakshadweep<br>Apr-2019",0,0.06,0,0,0,0,0.06
"Tripura<br>Apr-2019",0,0.61,0,0,2.69,0,3.3